<?xml version='1.0' encoding='UTF-8'?>
<osobe xmlns:xsi="http://www.w3.org/2001/XMLSchema-instance" xsi:noNamespaceSchemaLocation="osobe.xsd">
  <osoba jmbg="1111111111111">
    <ime>aa</ime>
    <prezime>aa</prezime>
    <godRodjenja>2001</godRodjenja>
  </osoba>
  <osoba jmbg="2222222222222">
    <ime>bb</ime>
    <prezime>bb</prezime>
    <godRodjenja>2002</godRodjenja>
  </osoba>
  <osoba jmbg="3333333333333">
    <ime>cc</ime>
    <prezime>cc</prezime>
    <godRodjenja>2003</godRodjenja>
  </osoba>
</osobe>
